UserID,Recency,Frequency,Punti_Totali,Engagement_Rate,Volatilita_Punti_Std,Task_Completati,Churned
U0001,0,68,4410,0.6470588235294118,60.25443250075944,44,0
U0002,28,21,751,0.42857142857142855,49.28070656826168,9,1
U0003,0,46,2105,0.45652173913043476,52.7400897235549,21,0
U0004,1,52,2520,0.5,66.73162782924109,26,0
U0005,0,74,6556,0.7702702702702703,50.35175039813324,57,0
U0006,1,70,6020,0.7714285714285715,63.80930779197964,54,0
U0007,0,70,5092,0.6857142857142857,68.12104282728308,48,0
U0008,63,6,133,0.16666666666666666,21.394384706499437,1,1
U0009,0,57,3126,0.5087719298245614,45.85801554391817,29,0
U0010,0,45,2168,0.4444444444444444,36.73489736129419,20,0
U0011,3,75,5066,0.6666666666666666,58.41925353188757,50,0
U0012,45,21,471,0.3333333333333333,78.46623583499438,7,1
U0013,40,13,650,0.38461538461538464,42.7214231972672,5,1
U0014,0,72,4807,0.7083333333333334,62.52653299441112,51,0
U0015,0,73,4601,0.6575342465753424,65.9814585699852,48,0
U0016,0,73,5705,0.7671232876712328,53.13504806936129,56,0
U0017,1,75,5520,0.6666666666666666,50.078689514481695,50,0
U0018,4,38,2191,0.47368421052631576,42.65376518210938,18,0
U0019,0,50,2815,0.56,46.996736773171094,28,0
U0020,10,68,4189,0.6911764705882353,69.63207671619024,47,1
U0021,0,46,2542,0.5,41.55116464463266,23,0
U0022,0,63,4978,0.746031746031746,51.12465925218519,47,0
U0023,0,74,5702,0.7162162162162162,60.492196377724,53,0
U0024,0,74,5876,0.6486486486486487,49.50440912947,48,0
U0025,28,30,1366,0.5,79.90729601409468,15,1
U0026,0,46,1935,0.41304347826086957,67.9128690603719,19,0
U0027,1,71,4848,0.6619718309859155,64.44664948133943,47,0
U0028,20,35,2611,0.6285714285714286,47.9982940518104,22,1
U0029,0,43,2253,0.4418604651162791,41.265516088587276,19,0
U0030,0,74,6218,0.7297297297297297,55.27689890298528,54,0
U0031,0,45,2405,0.5333333333333333,50.25471627555475,24,0
U0032,0,70,5391,0.7142857142857143,48.88801172035537,50,0
U0033,0,70,4288,0.6142857142857143,48.66974286262547,43,0
U0034,39,16,369,0.25,45.4274521527557,4,1
U0035,49,12,491,0.3333333333333333,34.18743624639685,4,1
U0036,53,12,194,0.25,59.343126532621,3,1
U0037,0,74,5834,0.6891891891891891,47.52385917263082,51,0
U0038,0,74,5951,0.7297297297297297,60.98285405772627,54,0
U0039,2,46,2440,0.5217391304347826,57.5736862859319,24,0
U0040,1,45,2239,0.5111111111111111,55.96127214837044,23,0
U0041,2,75,4984,0.6266666666666667,44.002499427304,47,0
U0042,1,41,2386,0.4878048780487805,43.642376550948214,20,0
U0043,0,70,5436,0.7857142857142857,71.85226685184158,55,0
U0044,59,13,389,0.23076923076923078,27.464130452982875,3,1
U0045,0,67,5424,0.7164179104477612,52.330589020798186,48,0
U0046,1,49,3373,0.6326530612244898,52.307421825840144,31,0
U0047,0,72,5401,0.75,69.39179088637584,54,0
U0048,0,51,2201,0.49019607843137253,62.04478660760284,25,0
U0049,4,42,1884,0.5476190476190477,78.56308790440063,23,1
U0050,3,65,5276,0.7076923076923077,48.003518058314796,46,0
U0051,48,11,384,0.2727272727272727,31.60127675649661,3,1
U0052,1,41,2440,0.5365853658536586,42.33860013186745,22,0
U0053,79,3,124,0.3333333333333333,36.81123017051545,1,1
U0055,18,36,2337,0.5,48.09759371451715,18,1
U0056,43,13,214,0.46153846153846156,73.0241930015852,6,1
U0057,1,74,6737,0.8108108108108109,52.56033389769982,60,0
U0058,0,75,5887,0.72,52.858173351585144,54,0
U0059,1,74,5826,0.6891891891891891,47.38669244703676,51,0
U0060,0,67,5418,0.6716417910447762,50.45379748462408,45,0
U0061,0,67,5117,0.7313432835820896,47.26029447582192,49,0
U0062,0,72,5219,0.6388888888888888,58.838231211579426,46,0
U0063,32,21,584,0.14285714285714285,32.614383721782694,3,1
U0064,0,74,5848,0.7027027027027027,50.53429475603785,52,0
U0065,0,69,5036,0.7101449275362319,53.93129238001967,49,0
U0066,0,45,1762,0.4222222222222222,67.33121914940533,19,0
U0067,0,79,5678,0.6708860759493671,47.169415363356826,53,0
U0068,82,4,253,0.5,47.841815242675374,2,1
U0069,1,64,4222,0.59375,53.406473402686565,38,0
U0070,61,8,238,0.25,24.735601872604597,2,1
U0071,3,41,2681,0.5853658536585366,44.060477243479966,24,0
U0072,0,66,5491,0.7575757575757576,47.49011304873309,50,0
U0073,1,73,6032,0.7671232876712328,55.73645732484352,56,1
U0074,37,17,338,0.23529411764705882,61.10643696580142,4,1
U0075,1,51,3028,0.5294117647058824,63.85466645097444,27,0
U0076,4,44,2103,0.45454545454545453,57.31915870855207,20,0
U0077,1,45,2481,0.4666666666666667,42.14396140784665,21,0
U0078,1,69,5899,0.8115942028985508,56.076825551049225,56,0
U0079,2,72,4873,0.7222222222222222,66.21908677975152,52,0
U0080,1,67,5451,0.7761194029850746,59.646744675018084,52,0
U0081,20,27,1026,0.4074074074074074,69.87560857266772,11,1
U0082,1,51,2719,0.5294117647058824,50.904628204744206,27,0
U0083,1,69,5575,0.782608695652174,56.978217379632085,54,0
U0084,1,67,4815,0.7164179104477612,61.780301148681595,48,0
U0085,3,68,5504,0.7352941176470589,51.81980909706404,50,0
U0086,0,70,5348,0.7285714285714285,65.09725091738524,51,0
U0087,2,40,1633,0.45,57.12196205164814,18,0
U0088,0,47,2256,0.44680851063829785,45.643150641119504,21,0
U0089,45,14,775,0.42857142857142855,41.81976634490988,6,1
U0090,2,50,3101,0.56,42.67932932363337,28,0
U0091,0,67,5393,0.6865671641791045,48.55156727872453,46,0
U0092,0,47,2642,0.5531914893617021,48.652360610585546,26,0
U0093,25,28,1543,0.6071428571428571,75.56476010917339,17,1
U0094,0,37,2353,0.4864864864864865,46.86646133510388,18,0
U0095,0,46,2785,0.5652173913043478,41.01088123120218,26,0
U0096,3,38,1567,0.34210526315789475,36.35307125228464,13,1
U0097,1,48,2812,0.5416666666666666,40.789812109518536,26,0
U0098,2,35,1815,0.5714285714285714,59.65872763222644,20,0
U0099,0,73,5848,0.7534246575342466,59.577682339697475,55,0
U0100,0,77,5566,0.7012987012987013,62.8495800378509,54,0
U0101,0,81,6474,0.7530864197530864,56.22458374513987,61,0
U0102,1,43,2290,0.46511627906976744,40.774284431021385,20,0
U0103,0,69,4902,0.6376811594202898,55.08538504450151,44,0
U0104,0,47,1969,0.46808510638297873,67.11827655896428,22,0
U0105,56,11,102,0.0,5.09477280717305,0,1
U0106,0,71,5208,0.6619718309859155,53.44279719151777,47,0
U0107,0,44,2662,0.5681818181818182,40.74965622871708,25,0
U0108,4,47,2321,0.5106382978723404,62.00234254867275,24,0
U0109,0,81,7279,0.7777777777777778,50.244758268460444,63,0
U0110,0,73,5695,0.7397260273972602,60.758699258978766,54,0
U0111,0,70,5354,0.6428571428571429,48.797020699916494,45,0
U0112,0,68,4923,0.6176470588235294,47.20025421352465,42,0
U0113,48,10,424,0.4,30.735886791210458,4,1
U0114,25,21,794,0.2857142857142857,37.0825115074212,6,1
U0115,0,49,2964,0.5306122448979592,42.76212343306802,26,0
U0116,56,14,507,0.2857142857142857,32.14243679913275,4,1
U0117,57,5,167,0.2,35.29888257595573,1,1
U0118,0,72,5278,0.6666666666666666,45.37217030718102,48,0
U0119,57,6,182,0.3333333333333333,22.72296928953902,2,1
U0120,1,52,2257,0.46153846153846156,59.175440044012475,24,0
U0121,60,9,255,0.2222222222222222,26.08413987351656,2,1
U0122,48,12,304,0.16666666666666666,28.686713583676397,2,1
U0123,0,82,4760,0.5365853658536586,50.92766312251963,44,0
U0124,0,76,5453,0.6710526315789473,57.53667187325938,51,0
U0125,0,71,5036,0.7605633802816901,73.2305435574017,54,0
U0126,11,42,2226,0.5476190476190477,61.1178592318713,23,1
U0127,21,20,803,0.45,72.55169729570635,9,1
U0128,43,16,575,0.3125,35.022098438446804,5,1
U0129,0,69,5812,0.7391304347826086,47.96989208781194,51,0
U0130,0,46,2167,0.391304347826087,37.54363443226004,18,0
U0131,19,35,1440,0.37142857142857144,45.654661191724855,13,1
U0132,0,73,5121,0.6712328767123288,57.583980655156154,49,0
U0133,0,74,4916,0.6891891891891891,65.67442032830299,51,0
U0134,0,74,5383,0.7567567567567568,75.45145889250001,56,0
U0135,51,10,212,0.4,77.36272019642584,4,1
U0136,0,68,4419,0.7205882352941176,83.06530417977733,49,0
U0137,0,53,2794,0.39622641509433965,42.86750099445306,21,0
U0138,1,42,2264,0.42857142857142855,42.43319476965117,18,1
U0139,0,71,5212,0.676056338028169,47.09679548945715,48,0
U0140,50,13,552,0.38461538461538464,34.98377645973367,5,1
U0141,77,6,168,0.16666666666666666,29.790175317620164,1,1
U0142,0,75,5985,0.7066666666666667,50.445017387740556,53,0
U0143,1,39,2459,0.5897435897435898,53.42751951730635,23,0
U0144,0,73,4359,0.6438356164383562,58.30290764845913,47,0
U0145,0,70,5687,0.7285714285714285,64.77418651048609,51,0
U0146,0,73,4873,0.6575342465753424,61.576030933310015,48,0
U0147,33,27,936,0.4444444444444444,60.824121344855755,12,1
U0148,0,46,1852,0.391304347826087,58.224202332538674,18,0
U0149,0,68,4022,0.6617647058823529,80.28619176972721,45,0
U0150,1,61,5112,0.7540983606557377,53.992432126264106,46,0
U0151,32,17,666,0.23529411764705882,39.20661481531263,4,1
U0152,0,78,6126,0.7051282051282052,49.98364749744117,55,0
U0153,0,69,5207,0.6956521739130435,46.11498479563652,48,0
U0154,1,50,2355,0.46,48.24871618873799,23,0
U0155,48,18,389,0.3333333333333333,58.67358937452259,6,1
U0156,1,73,4178,0.6438356164383562,72.55844607779817,47,0
U0157,54,22,1230,0.5,39.715239032599186,11,1
U0158,0,41,1199,0.4146341463414634,80.33699371277629,17,0
U0159,0,76,4996,0.6447368421052632,51.76812170141588,49,0
U0160,1,43,2611,0.6046511627906976,54.468146068260296,26,0
U0161,0,74,3484,0.6081081081081081,76.97428196256746,45,0
U0162,20,37,1991,0.5405405405405406,47.55034127064657,20,1
U0163,0,48,2532,0.5625,56.38991571639133,27,0
U0164,0,39,2173,0.5641025641025641,67.05315025730525,22,0
U0165,0,76,3562,0.618421052631579,81.38314365121103,47,0
U0166,52,10,399,0.3,37.38487591752072,3,1
U0167,0,74,5980,0.7162162162162162,51.995667402421645,53,0
U0168,0,75,6085,0.6533333333333333,50.87627005378961,49,0
U0169,0,71,4240,0.6197183098591549,71.71330629304715,44,0
U0170,0,34,1867,0.5,40.69120474974847,17,0
U0171,0,40,1734,0.45,70.44976539666008,18,0
U0172,3,70,5239,0.7285714285714285,60.4174259473712,51,0
U0173,0,37,2347,0.6216216216216216,47.70029557768167,23,0
U0174,0,76,5894,0.7236842105263158,44.540360054156736,55,0
U0175,4,47,2690,0.48936170212765956,49.02935793511553,23,0
U0176,0,71,5763,0.7464788732394366,55.11164368108404,53,0
U0177,0,40,2675,0.55,52.630071087887096,22,0
U0178,1,75,4549,0.5866666666666667,65.5834147976882,44,1
U0179,7,24,533,0.20833333333333334,56.06084219141632,5,0
U0180,0,73,5700,0.726027397260274,49.645289188479616,53,0
U0181,0,71,5131,0.6197183098591549,47.21329733253641,44,0
U0182,0,77,6185,0.7402597402597403,46.03912385372438,57,0
U0183,42,15,625,0.3333333333333333,37.61793714974678,5,1
U0184,62,10,342,0.3,29.076849174123677,3,1
U0185,0,75,4947,0.6933333333333334,68.5404221878171,52,0
U0186,8,51,3130,0.5294117647058824,42.679552085059704,27,1
U0187,52,12,-60,0.25,73.34166619323561,3,1
U0188,1,36,1911,0.5555555555555556,77.64866430591805,20,0
U0189,29,38,1811,0.34210526315789475,41.95978651292838,13,1
U0190,0,70,4065,0.6428571428571429,81.41066905116925,45,0
U0191,0,65,5095,0.7076923076923077,47.222891596738386,46,0
U0192,30,23,261,0.30434782608695654,74.52884812022562,7,1
U0193,46,14,527,0.2857142857142857,33.93354460906567,4,1
U0194,1,52,2725,0.5192307692307693,57.11819408242961,27,0
U0195,0,67,5731,0.7910447761194029,50.485806860010115,53,0
U0196,0,67,4890,0.6417910447761194,56.246398093344105,43,0
U0197,7,41,1252,0.3170731707317073,61.60103832259156,13,1
U0198,70,9,185,0.1111111111111111,18.368148760528072,1,1
U0199,35,15,363,0.2,22.60660568704765,3,1
U0200,0,41,3130,0.6829268292682927,45.99565327773538,28,1
U0201,0,46,2397,0.5217391304347826,72.57413710368236,24,0
U0202,0,66,3578,0.6515151515151515,77.46009866074007,43,0
U0203,0,74,4318,0.5675675675675675,60.191817172985644,42,0
U0204,57,7,216,0.2857142857142857,26.581411335206198,2,1
U0205,2,53,3523,0.5849056603773585,44.760431481556274,31,0
U0206,0,78,4684,0.6538461538461539,66.68368873498257,51,0
U0207,0,74,5136,0.7027027027027027,65.00931063931273,52,0
U0208,0,39,1742,0.5384615384615384,78.76402426861732,21,0
U0209,1,73,4731,0.6438356164383562,71.34742205016686,47,0
U0210,0,70,4650,0.6428571428571429,71.65306847271992,45,0
U0211,15,43,2012,0.5116279069767442,53.193462094635045,22,1
U0212,1,43,2416,0.46511627906976744,41.695430108452705,20,0
U0213,0,44,2389,0.45454545454545453,42.408126463894135,20,0
U0214,0,72,5037,0.7222222222222222,58.15001408367013,52,0
U0215,2,51,2582,0.49019607843137253,39.642337769632285,25,0
U0216,1,72,5606,0.6944444444444444,45.94777405868472,50,0
U0217,0,71,4150,0.647887323943662,74.25467918931024,46,0
U0218,0,42,2521,0.6428571428571429,59.96592397606906,27,0
U0219,0,47,2437,0.425531914893617,44.21917568567135,20,0
U0220,17,20,1269,0.45,49.82275635974038,9,1
U0221,0,46,2180,0.391304347826087,54.49221371694975,18,0
U0222,2,44,2215,0.4090909090909091,40.695454740948925,18,0
U0223,0,76,5463,0.6710526315789473,63.7701343181881,51,0
U0224,1,71,5244,0.7605633802816901,72.93909310295807,54,0
U0225,0,78,5929,0.6923076923076923,52.43666999922426,54,0
U0226,0,68,5633,0.7352941176470589,66.42931511957903,50,0
U0227,33,19,539,0.21052631578947367,28.260233987629363,4,1
U0228,1,68,5518,0.6911764705882353,49.20954926192771,47,0
U0229,61,9,290,0.3333333333333333,24.30175227012844,3,1
U0230,0,56,3182,0.5535714285714286,63.76373330670495,31,0
U0231,1,42,1846,0.35714285714285715,36.439742698917094,15,0
U0232,0,51,2112,0.39215686274509803,54.021033265086714,20,0
U0233,1,46,3697,0.6739130434782609,49.33044650821107,31,0
U0234,3,49,2425,0.3877551020408163,40.918402893445204,19,1
U0235,0,72,6451,0.7361111111111112,51.89197761422126,53,0
U0236,24,34,1663,0.5294117647058824,45.62769570683766,18,1
U0237,0,69,5260,0.6811594202898551,52.67073810067263,47,0
U0238,0,67,5161,0.746268656716418,66.53367913182787,50,0
U0239,44,22,1185,0.4090909090909091,41.45010883216993,9,1
U0240,0,75,5591,0.7066666666666667,45.17912101171842,53,0
U0241,30,16,412,0.1875,28.312484422839837,3,1
U0242,45,13,247,0.15384615384615385,16.033090781256117,2,1
U0243,34,19,352,0.10526315789473684,17.78198938575029,2,1
U0244,0,76,4883,0.631578947368421,67.97692257313227,48,0
U0245,0,73,5537,0.7534246575342466,57.65684660054783,55,0
U0246,40,17,320,0.29411764705882354,79.23627516224688,5,1
U0247,2,49,3222,0.5510204081632653,45.72131297239889,27,0
U0248,59,12,488,0.25,41.00971959730126,3,1
U0249,58,6,234,0.3333333333333333,34.355097544217905,2,1
U0250,38,17,292,0.23529411764705882,52.2347319978839,4,1
U0251,1,77,5541,0.6753246753246753,55.45462560173321,52,0
U0252,0,67,4734,0.7014925373134329,60.54964473160997,47,0
U0253,51,11,19,0.2727272727272727,67.16623062396673,3,1
U0254,0,73,5208,0.6986301369863014,59.649237729941746,51,0
U0255,0,73,4924,0.6712328767123288,56.766569949857235,49,0
U0256,16,28,1930,0.6071428571428571,46.15230292125264,17,1
U0257,53,11,528,0.36363636363636365,38.369134420657396,4,1
U0258,58,17,779,0.35294117647058826,37.93884045372581,6,1
U0259,0,57,3583,0.5263157894736842,43.90395174389216,30,0
U0260,0,74,5596,0.7027027027027027,49.949756181307855,52,0
U0261,2,45,2891,0.5333333333333333,44.882825668066644,24,0
U0262,60,5,392,0.6,53.193149099401055,3,1
U0263,0,73,6023,0.7671232876712328,59.069838579759015,56,0
U0264,3,37,1997,0.43243243243243246,43.36670436821421,16,0
U0265,45,11,40,0.2727272727272727,57.72601224853989,3,1
U0266,0,39,1570,0.4358974358974359,57.45672559810293,17,0
U0267,0,35,1286,0.45714285714285713,75.43662680380649,16,0
U0268,0,45,2987,0.5333333333333333,47.02256079235436,24,0
U0269,1,72,5393,0.6805555555555556,45.35082051225116,49,0
U0270,0,70,5664,0.7285714285714285,55.35985619392044,51,0
U0271,21,20,547,0.15,31.856559522575324,3,1
U0272,64,10,343,0.2,36.456571135357315,2,1
U0273,46,14,645,0.35714285714285715,38.58082630958231,5,1
U0274,26,14,29,0.35714285714285715,98.32159875433877,5,1
U0275,1,45,837,0.3333333333333333,76.32724170364703,15,0
U0276,0,48,3192,0.5625,44.898950872750746,27,0
U0277,1,45,2154,0.4,38.91529262385161,18,0
U0278,1,39,2352,0.5128205128205128,49.36804462327175,20,0
U0279,1,45,2763,0.4888888888888889,45.379411755067466,22,0
U0280,0,51,3280,0.5294117647058824,45.826350044237806,27,0
U0281,49,5,265,0.4,46.25833258271783,2,1
U0282,0,73,5103,0.6575342465753424,62.22044327746173,48,0
U0283,0,73,5363,0.684931506849315,62.71611468061832,50,0
U0284,0,74,5312,0.7027027027027027,61.77825540724916,52,0
U0285,0,45,2935,0.5555555555555556,45.238616904429314,25,0
U0286,1,71,5768,0.6901408450704225,48.851015711961395,49,0
U0287,3,44,1748,0.5227272727272727,69.82812494236855,23,1
U0288,1,42,2087,0.5476190476190477,68.646125630077,23,0
U0289,0,74,5568,0.7567567567567568,62.51479273516083,56,0
U0290,7,45,3040,0.5777777777777777,45.977468291673695,26,1
U0291,0,71,5179,0.647887323943662,44.98284837232457,46,0
U0292,0,64,4921,0.765625,68.82278236666494,49,0
U0293,39,16,337,0.375,80.14001714801941,6,1
U0294,3,65,4736,0.676923076923077,55.415559226134974,44,0
U0295,0,70,5348,0.6857142857142857,46.31270006218985,48,0
U0296,1,46,2121,0.391304347826087,38.59407348753438,18,0
U0297,1,49,2513,0.46938775510204084,42.90086033833741,23,0
U0298,0,70,5443,0.7,46.21212707279318,49,0
U0299,2,46,2402,0.45652173913043476,40.332534387862516,21,0
U0300,0,76,5772,0.6842105263157895,46.04445697502341,52,0
U0301,0,77,5901,0.7402597402597403,64.03510701853773,57,0
U0302,0,44,3224,0.6136363636363636,47.428877623256916,27,0
U0303,0,56,1636,0.39285714285714285,77.13317952526386,22,0
U0304,0,39,2257,0.5128205128205128,41.7566667026861,20,0
U0305,0,48,2615,0.625,69.99832058939398,30,0
U0306,64,12,333,0.25,24.926522455792554,3,1
U0307,4,46,996,0.34782608695652173,78.95593480959701,16,0
U0308,1,82,6182,0.6829268292682927,46.53310425932893,56,0
U0309,0,44,2261,0.45454545454545453,50.69263867599149,20,0
U0310,1,68,4663,0.7352941176470589,62.36067131603173,50,0
U0311,23,30,1473,0.4666666666666667,45.003272497887586,14,1
U0312,0,73,5371,0.7534246575342466,56.964752603356494,55,0
U0313,0,70,5046,0.6714285714285714,61.24890063819656,47,0
U0314,39,15,963,0.5333333333333333,46.91250109108115,8,1
U0315,50,12,513,0.3333333333333333,39.63728207678703,4,1
U0316,13,43,2396,0.5116279069767442,46.9400420620151,22,1
U0317,1,55,2558,0.41818181818181815,56.99990229455542,23,0
U0318,0,72,6108,0.7638888888888888,47.9134563635238,55,0
U0319,0,69,3574,0.6666666666666666,91.49467851292879,46,0
U0320,0,73,5804,0.7123287671232876,47.132031957753505,52,0
U0321,1,42,2336,0.47619047619047616,57.654474027174516,20,0
U0322,5,41,1229,0.2926829268292683,57.3786009723531,12,0
U0323,1,46,3064,0.5434782608695652,47.01057611434859,25,0
U0324,0,70,4811,0.6285714285714286,44.585736776984604,44,0
U0325,31,18,604,0.2222222222222222,33.964781012194805,4,1
U0326,2,49,3181,0.5918367346938775,56.418654232926755,29,0
U0327,0,42,2154,0.4523809523809524,52.9736126902497,19,0
U0328,0,39,1591,0.358974358974359,53.65242704315343,14,0
U0329,1,46,2827,0.5652173913043478,42.341911084702176,26,0
U0330,0,74,5729,0.6891891891891891,47.53362624706454,51,0
U0331,0,75,4599,0.6666666666666666,71.5289079667976,50,0
U0332,51,19,1055,0.47368421052631576,40.785155096489035,9,1
U0333,0,75,5203,0.7733333333333333,82.46707484311374,58,0
U0334,0,69,5292,0.6956521739130435,49.83634671046763,48,0
U0335,0,71,6148,0.8169014084507042,60.69680211594171,58,0
U0336,1,74,4736,0.7702702702702703,86.55689791823286,57,0
U0337,36,14,509,0.35714285714285715,29.89494391962748,5,1
U0338,8,43,2151,0.4418604651162791,38.61681870287229,19,1
U0339,4,45,2543,0.4444444444444444,44.56797890941335,20,0
U0340,0,62,4185,0.6451612903225806,52.8403865581328,40,0
U0341,19,35,1870,0.42857142857142855,41.86491141103031,15,1
U0342,4,37,1913,0.5405405405405406,61.94076798634916,20,0
U0343,3,70,5238,0.7142857142857143,62.147972748250815,50,1
U0344,0,46,1995,0.45652173913043476,62.8568968456598,21,0
U0345,0,74,5798,0.7432432432432432,61.12779401516867,55,0
U0346,1,49,2603,0.4489795918367347,40.95510902422551,22,0
U0347,2,45,2080,0.37777777777777777,37.943317999010475,17,0
U0348,1,73,5763,0.684931506849315,55.25085244188486,50,0
U0349,0,68,5452,0.6911764705882353,53.005152175510176,47,0
U0350,0,52,2241,0.5,70.44961156282446,26,0
U0351,0,46,2193,0.4782608695652174,65.93875989204666,22,0
U0352,7,15,647,0.3333333333333333,38.29349754231113,5,1
U0353,1,48,2351,0.4375,36.79359062939507,21,0
U0354,0,76,3952,0.5526315789473685,63.12196108305097,42,0
U0355,2,70,5032,0.6714285714285714,51.180511741952984,47,0
U0356,1,38,2133,0.5789473684210527,56.266533227568566,22,0
U0357,0,74,4817,0.7027027027027027,58.06967424510581,52,0
U0358,1,46,1920,0.43478260869565216,67.37527045380746,20,0
U0359,39,18,439,0.16666666666666666,26.041526666290345,3,1
U0360,0,48,2740,0.4375,43.604663359171425,21,0
U0361,0,76,6204,0.7368421052631579,51.01559890140808,56,0
U0362,1,42,2419,0.5714285714285714,72.77911018659009,24,0
U0363,1,39,1451,0.358974358974359,44.16001707519815,14,0
U0364,1,42,1367,0.4523809523809524,70.02050608378822,19,0
U0365,41,16,515,0.4375,73.19662705426538,7,1
U0366,42,43,3332,0.6976744186046512,51.173238587182155,30,1
U0367,44,15,63,0.06666666666666667,51.2890396809869,1,1
U0368,56,10,342,0.3,30.431804692494087,3,1
U0369,0,72,6062,0.75,48.40610830154931,54,0
U0370,1,71,4771,0.6197183098591549,53.399707950689674,44,0
U0371,0,74,4771,0.6756756756756757,55.03161954629488,50,0
U0372,2,69,5403,0.7391304347826086,44.179280107987786,51,0
U0373,0,73,5068,0.6986301369863014,56.465825149536066,51,0
U0374,1,48,2773,0.5208333333333334,41.19960904047172,25,0
U0375,1,69,5600,0.6666666666666666,50.053228833949284,46,0
U0376,0,70,3650,0.6142857142857143,68.3003755343884,43,0
U0377,42,13,120,0.0,5.16199126753948,0,1
U0378,0,75,5767,0.68,55.53481973582437,51,0
U0379,50,10,174,0.1,18.635280631386433,1,1
U0380,0,76,5636,0.6710526315789473,55.55313453617128,51,0
U0381,0,71,5069,0.647887323943662,47.84668565819731,46,0
U0382,2,49,2444,0.5306122448979592,60.98340890452222,26,0
U0383,1,47,2415,0.3829787234042553,43.16062188649415,18,0
U0384,44,16,766,0.375,38.67727306329782,6,1
U0385,30,24,1209,0.4583333333333333,38.48882471133114,11,1
U0386,38,17,739,0.35294117647058826,39.392591845867614,6,1
U0387,0,75,5557,0.7066666666666667,59.112211921344944,53,0
U0388,1,64,4104,0.71875,55.07553453046819,46,0
U0389,74,6,529,0.8333333333333334,49.4119204118589,5,1
U0390,71,9,227,0.1111111111111111,31.481346276782585,1,1
U0391,34,21,840,0.2857142857142857,37.509673549047285,6,1
U0392,1,47,1812,0.5531914893617021,82.58941447402032,26,0
U0393,2,69,5142,0.6956521739130435,66.56503747292447,48,1
U0394,26,31,1485,0.5161290322580645,66.1329829099779,16,1
U0395,0,74,5964,0.7567567567567568,48.54253447050953,56,0
U0396,26,21,863,0.2857142857142857,37.96224207631962,6,1
U0397,52,11,953,0.6363636363636364,56.326756192802925,7,1
U0398,1,39,2168,0.48717948717948717,57.94509931169442,19,0
U0399,20,34,1598,0.4411764705882353,51.68730165717853,15,1
U0400,44,19,950,0.42105263157894735,39.315769479049116,8,1
U0401,0,71,4607,0.6338028169014085,54.261023697458846,45,0
U0402,79,3,287,0.6666666666666666,63.2942862086829,2,1
U0403,2,45,2832,0.5111111111111111,45.96583978310733,23,0
U0404,63,13,463,0.23076923076923078,35.97112089526178,3,1
U0405,0,72,6005,0.7638888888888888,47.22362805851056,55,0
U0406,27,20,198,0.2,53.49277850248926,4,1
U0407,0,73,4918,0.6986301369863014,57.054109010907354,51,0
U0408,0,65,5855,0.8153846153846154,51.80034052899223,53,0
U0409,47,13,127,0.0,5.210197102428452,0,1
U0410,2,73,4502,0.6301369863013698,62.42960808919315,46,0
U0411,1,66,4341,0.6818181818181818,69.04813727710477,45,0
U0412,60,12,225,0.4166666666666667,94.73867566451763,5,1
U0413,58,8,423,0.5,38.925516481266285,4,1
U0414,0,52,1931,0.5192307692307693,74.09437245680732,27,0
U0415,1,53,3608,0.6415094339622641,57.169195160773675,34,0
U0416,75,10,619,0.5,45.25771234072475,5,1
U0417,1,77,6502,0.7532467532467533,61.7081309286412,58,0
U0418,0,71,5598,0.8028169014084507,70.57276907041224,57,0
U0419,1,42,2264,0.4523809523809524,40.561690265006604,19,0
U0420,1,45,2865,0.5555555555555556,62.78417398558735,25,0
U0421,32,22,1477,0.5454545454545454,46.283453132049665,12,1
U0422,1,48,2843,0.5,43.395456903051056,24,0
U0423,0,73,5317,0.684931506849315,44.52674622017725,50,0
U0424,0,58,2887,0.43103448275862066,59.518590121045825,25,0
U0425,0,76,5157,0.5921052631578947,45.5183686048407,45,0
U0426,1,46,1953,0.34782608695652173,54.362311113171195,16,0
U0427,2,46,2082,0.41304347826086957,36.22600528832216,19,0
U0428,36,15,371,0.13333333333333333,27.44961947268855,2,1
U0429,0,78,5176,0.6538461538461539,70.4168145796029,51,0
U0430,0,72,5733,0.7916666666666666,65.086710449866,57,0
U0431,1,76,6307,0.7368421052631579,48.70712537597632,56,0
U0432,10,37,1708,0.5135135135135135,69.24670363932337,19,1
U0433,0,49,2766,0.4489795918367347,43.31579807805773,22,0
U0434,1,76,5975,0.6973684210526315,49.637076397438776,53,0
U0435,1,75,5725,0.7333333333333333,44.0595108026635,55,0
U0436,1,50,2188,0.48,64.98082389656844,24,0
U0437,0,74,4639,0.6216216216216216,59.73623192771451,46,0
U0438,45,21,451,0.3333333333333333,82.14805799896372,7,1
U0439,1,41,2433,0.4878048780487805,44.618009672242394,20,0
U0440,0,70,5986,0.7142857142857143,51.13262082703481,50,0
U0441,1,74,5808,0.7567567567567568,59.71398496164864,56,0
U0442,50,13,300,0.15384615384615385,23.070727373415462,2,1
U0443,1,69,5830,0.7391304347826086,48.67347058307536,51,0
U0444,0,74,4984,0.6351351351351351,48.916840111645136,47,0
U0445,51,15,788,0.3333333333333333,47.31328699674946,5,1
U0446,52,15,392,0.2,23.277832185673297,3,1
U0447,62,8,-395,0.0,115.23808474836167,0,1
U0448,9,32,1790,0.59375,54.90089396820564,19,1
U0449,0,75,5753,0.7466666666666667,54.22382686198475,56,0
U0450,0,78,6206,0.7435897435897436,48.93579788074425,58,0
U0451,1,44,1886,0.5227272727272727,71.05945334468814,23,0
U0452,6,44,2525,0.5,58.456546025556435,22,1
U0453,0,43,2561,0.5813953488372093,63.121459357194695,25,0
U0454,22,22,917,0.2727272727272727,38.693153761247515,6,1
U0455,0,66,4418,0.6666666666666666,55.07355114338827,44,0
U0456,0,46,2293,0.6086956521739131,77.66822655020216,28,0
U0457,1,75,5973,0.7733333333333333,62.03650269344893,58,0
U0458,25,35,2473,0.6,46.09118920756208,21,1
U0459,1,75,5701,0.64,47.68823482256573,48,0
U0460,0,72,5943,0.8472222222222222,54.99078031397838,61,0
U0461,0,73,5256,0.6986301369863014,59.853770647948224,51,0
U0462,36,25,688,0.36,80.87802483963604,9,1
U0463,2,48,2618,0.4375,47.68155977536476,21,0
U0464,5,47,1272,0.425531914893617,89.21157859837335,20,0
U0465,53,12,364,0.16666666666666666,35.906480784377074,2,1
U0466,24,47,4057,0.7659574468085106,48.48950738766787,36,1
U0467,1,72,5826,0.75,60.41105364334288,54,0
U0468,31,19,565,0.21052631578947367,28.88670418238512,4,1
U0469,56,29,2347,0.8620689655172413,81.06299546874558,25,1
U0470,23,19,430,0.2631578947368421,62.139692874195354,5,1
U0471,7,63,3795,0.6190476190476191,67.85401352287711,39,1
U0472,35,12,156,0.25,51.4306004890733,3,1
U0473,0,76,6152,0.75,63.73316636311146,57,0
U0474,54,14,684,0.35714285714285715,41.31041351221584,5,1
U0475,0,43,3534,0.6744186046511628,50.31117941652537,29,0
U0476,39,15,477,0.4,62.32638682471217,6,1
U0477,0,70,4858,0.7714285714285715,71.03927901464645,54,0
U0478,4,42,2643,0.5476190476190477,44.2918705120878,23,0
U0479,46,14,639,0.2857142857142857,42.85466703607073,4,1
U0480,1,44,2366,0.5,38.863874375214515,22,0
U0481,0,43,1673,0.46511627906976744,62.270359731973834,20,0
U0482,3,43,2336,0.46511627906976744,39.96229412984674,20,0
U0483,1,43,2392,0.4883720930232558,40.9307914089444,21,0
U0484,2,38,1868,0.4473684210526316,43.94476275525741,17,0
U0485,2,45,2177,0.4222222222222222,54.4889857920807,19,0
U0486,62,11,376,0.2727272727272727,31.19815179341038,3,1
U0487,1,66,4843,0.7272727272727273,61.255554050479354,48,0
U0488,0,70,4836,0.6571428571428571,53.09543223302883,46,0
U0489,41,13,436,0.23076923076923078,32.07030737901674,3,1
U0490,65,11,238,0.18181818181818182,18.318963278101073,2,1
U0491,1,46,2054,0.5869565217391305,65.44700843304142,27,0
U0492,0,45,2563,0.5777777777777777,60.58460819131166,26,0
U0493,0,64,5019,0.703125,51.95151613831657,45,0
U0494,0,73,5751,0.7534246575342466,64.66701838761934,55,0
U0495,0,41,2853,0.5853658536585366,45.31555691907447,24,0
U0496,1,74,5664,0.6756756756756757,52.46285514496813,50,0
U0497,1,42,1458,0.35714285714285715,47.572831341068465,15,0
U0498,0,63,4642,0.6666666666666666,52.021623810027506,42,0
U0499,29,13,633,0.3076923076923077,45.37130574069237,4,1
U0500,53,17,805,0.4117647058823529,35.39792887986467,7,1
U0501,0,48,2155,0.3541666666666667,38.56419659181207,17,0
U0502,1,48,2836,0.5208333333333334,42.625891975026946,25,1
U0503,0,72,5162,0.7361111111111112,67.07975075787259,53,0
U0504,42,18,819,0.6111111111111112,92.1026740135985,11,1
U0505,0,48,3434,0.6458333333333334,45.25099107182577,31,0
U0506,0,75,4443,0.6933333333333334,86.9257652235878,52,0
U0507,43,12,584,0.3333333333333333,43.98286886531151,4,1
U0508,50,14,274,0.21428571428571427,43.59766229553447,3,1
U0509,37,20,184,0.15,45.49731967447067,3,1
U0510,3,41,3100,0.6585365853658537,47.529442213699895,27,0
U0511,0,44,1652,0.5227272727272727,82.76395447174002,23,0
U0512,1,43,2292,0.46511627906976744,40.442484197237135,20,0
U0513,53,11,225,0.09090909090909091,24.630472451014274,1,1
U0514,32,25,880,0.32,41.93988227797254,8,1
U0515,0,68,5556,0.7058823529411765,54.757744511088156,48,0
U0516,0,68,4940,0.6323529411764706,52.8706477034166,43,0
U0517,33,43,3411,0.6976744186046512,53.0666842297532,30,1
U0518,68,7,-222,0.2857142857142857,112.78373742952229,2,1
U0519,45,20,447,0.4,92.58109732489419,8,1
U0520,1,74,4648,0.7162162162162162,70.14552603581653,53,0
U0521,2,45,1937,0.4888888888888889,62.89925035462976,22,0
U0522,0,77,3847,0.5844155844155844,75.49049184784245,45,0
U0523,16,25,944,0.28,35.77460049834696,7,1
U0524,62,8,332,0.25,42.33280839569549,2,1
U0525,57,9,274,0.2222222222222222,29.76092099214427,2,1
U0526,1,47,2303,0.46808510638297873,53.94376815889199,22,0
U0527,25,36,2279,0.5555555555555556,43.61133065144147,20,1
U0528,0,75,6825,0.8133333333333334,55.94700109538784,61,0
U0529,1,70,5665,0.7714285714285715,59.95561259178604,54,0
U0530,45,11,761,0.5454545454545454,50.441535314148446,6,1
U0531,45,14,137,0.2857142857142857,74.03372617150535,4,1
U0532,40,13,280,0.38461538461538464,66.47333077034506,5,1
U0533,44,18,641,0.2777777777777778,32.34529724655895,5,1
U0534,9,50,2604,0.54,61.63541894850301,27,1
U0535,0,46,3097,0.5869565217391305,48.15369075796618,27,0
U0536,37,17,834,0.47058823529411764,38.35498884552651,8,1
U0537,31,16,595,0.3125,34.89510491135101,5,1
U0538,0,74,6517,0.7972972972972973,65.50236182797248,59,0
U0539,2,42,2496,0.5476190476190477,51.99401226030137,23,0
U0540,2,73,6004,0.7397260273972602,47.61032782929799,54,0
U0541,40,13,786,0.5384615384615384,41.17504845637241,7,1
U0542,13,40,1785,0.45,65.0992404802937,18,1
U0543,0,67,4600,0.7164179104477612,67.06866380425375,48,0
U0544,2,40,2120,0.5,51.56495663807368,20,0
U0545,0,55,2126,0.509090909090909,84.43367522505527,28,0
U0546,0,71,5056,0.6901408450704225,60.03630422730332,49,0
U0547,0,72,5014,0.5972222222222222,60.143193593557896,43,0
U0548,1,53,2240,0.4339622641509434,61.643263266876,23,0
U0549,0,40,2573,0.6,43.17185081197754,24,0
U0550,3,43,2844,0.5581395348837209,44.62781793974389,24,1
U0551,27,27,1067,0.4444444444444444,55.018717353817514,12,1
U0552,49,15,343,0.13333333333333333,25.52035473395945,2,1
U0553,3,47,3298,0.6170212765957447,56.510150313601585,29,0
U0554,0,49,2478,0.40816326530612246,41.10208563198428,20,0
U0555,37,21,529,0.23809523809523808,36.90949992805499,5,1
U0556,2,45,1605,0.35555555555555557,51.909433200423756,16,0
U0557,1,71,4715,0.676056338028169,60.46567458984351,48,0
U0558,1,76,5408,0.6578947368421053,54.55355922585136,50,0
U0559,0,50,2356,0.44,49.55714968827576,22,0
U0560,0,41,2244,0.5121951219512195,54.56389455161971,21,0
U0561,0,36,2111,0.4722222222222222,44.97004523792582,17,0
U0562,0,71,5760,0.6901408450704225,49.9539454264622,49,0
U0563,0,68,5601,0.7352941176470589,47.788918939650415,50,0
U0564,0,69,5410,0.6956521739130435,47.25179630776804,48,0
U0565,0,74,5692,0.6621621621621622,47.64385711499713,49,0
U0566,0,45,2328,0.4666666666666667,46.075557736798146,21,0
U0567,0,68,5186,0.7205882352941176,67.79896105246675,49,0
U0568,0,45,2619,0.5555555555555556,38.972779322110036,25,0
U0569,19,22,1102,0.36363636363636365,42.76977554054479,8,1
U0570,0,75,5475,0.68,56.57142548155786,51,0
U0571,2,44,2992,0.6363636363636364,42.97499941492314,28,0
U0572,0,54,3470,0.5555555555555556,44.476832695129225,30,0
U0573,0,74,4946,0.6621621621621622,55.14742867892036,49,0
U0574,1,52,3817,0.6346153846153846,46.252972574679184,33,0
U0575,49,7,344,0.42857142857142855,37.948779823729375,3,1
U0576,61,8,428,0.5,38.711755320574134,4,1
U0577,1,68,5567,0.7941176470588235,60.09109211566278,54,0
U0578,29,15,505,0.26666666666666666,30.94052507560308,4,1
U0579,2,41,2364,0.43902439024390244,44.72544636495441,18,0
U0580,0,75,6187,0.76,53.488559153008616,57,0
U0581,1,44,1944,0.5,64.91723732366053,22,0
U0582,47,12,243,0.08333333333333333,22.807917199001793,1,1
U0583,0,44,1773,0.29545454545454547,38.27893384597506,13,0
U0584,0,74,4100,0.5945945945945946,64.91348775329335,44,0
U0585,0,49,2551,0.3877551020408163,42.500079825669765,19,0
U0586,0,74,5938,0.7567567567567568,46.05777286072211,56,0
U0587,0,69,5827,0.7246376811594203,49.67735581252993,50,0
U0588,1,69,4591,0.7391304347826086,66.29763719064054,51,0
U0589,0,67,4251,0.6716417910447762,75.75579395487138,45,0
U0590,1,73,5016,0.6712328767123288,69.20109070108307,49,0
U0591,1,71,4982,0.704225352112676,62.74716203106578,50,0
U0592,3,42,1491,0.4523809523809524,83.29869859376255,19,0
U0593,0,72,5404,0.7083333333333334,52.91348483510261,51,0
U0594,0,80,4670,0.6625,75.09866321990908,53,0
U0596,4,42,2268,0.42857142857142855,42.92386086229081,18,1
U0597,12,43,2115,0.4883720930232558,36.600025042414046,21,1
U0598,0,76,5939,0.75,55.89445386154354,57,0
U0599,0,73,5344,0.684931506849315,50.88447871661343,50,0
U0600,0,74,5013,0.6756756756756757,54.59854391503438,50,0
U0601,0,70,5030,0.7,60.749494227082,49,0
U0602,0,67,4738,0.6716417910447762,66.43785406798628,45,0
U0603,0,71,5157,0.7605633802816901,70.43424965813304,54,0
U0604,0,76,5510,0.6842105263157895,56.28106947356449,52,0
U0605,0,74,4504,0.6216216216216216,73.6166331754549,46,0
U0606,50,22,1303,0.5,43.71802667363643,11,1
U0607,0,68,4827,0.6617647058823529,47.83631139468073,45,0
U0608,0,70,5043,0.6857142857142857,62.86989266934785,48,0
U0609,0,47,2328,0.3829787234042553,41.465214215455994,18,0
U0610,15,38,2810,0.631578947368421,47.968315566065215,24,1
U0611,11,69,5452,0.6666666666666666,48.70351931659629,46,1
U0612,2,46,2447,0.45652173913043476,40.07576883815733,21,0
U0613,1,42,2366,0.4523809523809524,42.63909437919515,19,0
U0614,0,76,5776,0.7368421052631579,47.28403550628786,56,0
U0615,36,20,311,0.3,79.0129659010963,6,1
U0616,56,7,-409,0.2857142857142857,115.0999384592943,2,1
U0617,0,71,4452,0.647887323943662,69.83772103736982,46,0
U0618,0,76,6573,0.7763157894736842,48.337937976516336,59,0
U0619,48,15,788,0.4,42.94819118934791,6,1
U0620,0,46,2691,0.5,41.74033414463155,23,0
U0621,0,72,4984,0.6527777777777778,61.704824323772186,47,0
U0622,1,74,5959,0.7027027027027027,47.37466263394482,52,0
U0623,0,65,3248,0.6,59.02658749789183,39,0
U0624,0,50,2668,0.6,64.90813004959128,30,0
U0625,5,39,2645,0.5897435897435898,45.71515020619486,23,0
U0626,0,64,4559,0.703125,63.92482109429782,45,0
U0627,1,47,2861,0.5106382978723404,57.46893021041609,24,0
U0628,2,42,1595,0.47619047619047616,70.15707703629288,20,0
U0629,0,70,5655,0.7285714285714285,48.281205129495504,51,0
U0630,0,73,6338,0.7397260273972602,50.027946842550485,54,0
U0631,0,58,2951,0.4827586206896552,58.40304537275658,28,0
U0632,42,15,202,0.06666666666666667,12.187991074692398,1,1
U0633,2,50,3140,0.62,50.18248678770334,31,0
U0634,3,52,3902,0.6153846153846154,49.466077573125816,32,0
U0635,0,76,5639,0.6973684210526315,44.930226977731564,53,0
U0636,1,46,2359,0.5869565217391305,82.54396927346045,27,0
U0637,1,54,2211,0.42592592592592593,45.77280685182853,23,0
U0638,1,76,4436,0.5657894736842105,53.752172138732426,43,0
U0639,0,74,5713,0.6756756756756757,49.73195337657408,50,0
U0640,1,73,6208,0.7123287671232876,49.30289481297285,52,0
U0641,1,71,5172,0.704225352112676,57.1869907906505,50,0
U0642,1,74,7010,0.8243243243243243,50.13480448820011,61,0
U0643,5,69,5501,0.7391304347826086,57.287348227308456,51,1
U0644,0,69,4240,0.6521739130434783,72.07662646253597,45,0
U0645,0,68,5585,0.7647058823529411,67.89345367204437,52,0
U0646,43,13,556,0.38461538461538464,33.52381472693932,5,1
U0647,0,50,2670,0.44,57.03479917411548,22,0
U0648,0,45,2587,0.5111111111111111,41.003031159837825,23,0
U0649,0,40,2060,0.425,40.83387151974619,17,0
U0650,24,35,2120,0.5428571428571428,41.689029195694914,19,1
U0651,0,73,4768,0.6164383561643836,51.84206005771531,45,0
U0652,1,44,1957,0.4772727272727273,50.48413215646496,21,0
U0653,5,46,1801,0.5,81.1053840054386,23,0
U0654,0,48,3017,0.5625,66.76677138493659,27,0
U0655,0,45,2314,0.4444444444444444,40.13215372736062,20,0
U0656,0,68,4542,0.6617647058823529,49.61615760767099,45,0
U0657,0,77,5321,0.6233766233766234,57.11620754778638,48,0
U0658,0,71,5483,0.7183098591549296,45.34452019744911,51,0
U0659,0,38,2405,0.631578947368421,46.12850930991766,24,0
U0660,1,49,2057,0.4489795918367347,57.67582798527339,22,0
U0661,2,70,5265,0.7285714285714285,50.41695148420307,51,0
U0662,43,15,538,0.2,39.24101771443202,3,1
U0663,1,47,2575,0.44680851063829785,42.878477465824666,21,0
U0664,0,74,4458,0.6486486486486487,60.58009507637874,48,0
U0665,0,76,4906,0.6578947368421053,80.13670086361009,50,0
U0666,0,75,5737,0.7733333333333333,61.434452951181605,58,0
U0667,0,69,5246,0.6811594202898551,46.138791809006406,47,0
U0668,0,75,4917,0.7333333333333333,80.74547334631026,55,0
U0669,0,63,4563,0.6825396825396826,55.41846388408519,43,0
U0670,81,8,-63,0.5,113.3025621432953,4,1
U0671,0,77,5987,0.7402597402597403,53.45591075491671,57,0
U0672,56,7,128,0.14285714285714285,13.467094614750332,1,1
U0673,15,67,5428,0.7164179104477612,47.740959269896074,48,1
U0674,2,47,2744,0.5531914893617021,48.93283785333464,26,0
U0675,4,40,1831,0.575,80.30160044498426,23,0
U0676,38,18,516,0.16666666666666666,32.77804143020141,3,1
U0677,0,71,4841,0.676056338028169,63.566824760866474,48,0
U0678,0,73,5325,0.7123287671232876,62.16689819959218,52,0
U0679,50,9,7,0.2222222222222222,68.58912330870916,2,1
U0680,35,18,595,0.3888888888888889,65.01810789583432,7,1
U0681,36,19,628,0.3684210526315789,46.98532518484942,7,1
U0682,0,72,4973,0.6666666666666666,72.64179689813237,48,0
U0683,0,74,4888,0.7162162162162162,71.41826245380469,53,0
U0684,1,40,2724,0.575,47.45654908053167,23,0
U0685,60,7,202,0.2857142857142857,25.782266671595703,2,1
U0686,1,51,2672,0.45098039215686275,45.71326345536464,23,0
U0687,41,22,434,0.45454545454545453,94.50964728508772,10,1
U0688,0,73,5535,0.684931506849315,46.83999488101457,50,0
U0689,2,40,2407,0.55,41.34363366110673,22,0
U0690,0,71,5124,0.6901408450704225,56.16303689515654,49,0
U0691,0,77,6387,0.7532467532467533,47.13299193541226,58,0
U0692,0,45,2867,0.5333333333333333,45.34575314557666,24,0
U0693,0,42,2766,0.5238095238095238,47.28223021728287,22,0
U0694,0,76,5489,0.6842105263157895,54.906656211779506,52,0
U0695,0,68,4917,0.7205882352941176,63.39450231685487,49,0
U0696,0,53,1914,0.4339622641509434,75.35211217987752,23,0
U0697,0,68,5450,0.7205882352941176,47.456277320082854,49,0
U0698,0,54,2637,0.3888888888888889,39.63575394330485,21,0
U0699,0,74,6148,0.7162162162162162,48.97387591517346,53,0
U0700,20,36,2041,0.5,42.105889227853055,18,1
U0701,1,47,2275,0.40425531914893614,39.76397564209655,19,0
U0702,0,76,6124,0.7631578947368421,68.38891017844908,58,0
U0703,4,68,5471,0.7352941176470589,53.44364876968159,50,1
U0704,0,68,5585,0.7352941176470589,47.22102516744977,50,0
U0705,0,76,5215,0.75,75.36578432868096,57,0
U0706,29,23,338,0.17391304347826086,46.785652900208596,4,1
U0707,0,74,5540,0.7027027027027027,56.07529294392677,52,0
U0708,54,15,-84,0.13333333333333333,74.10676691926187,2,1
U0709,0,74,4869,0.7162162162162162,73.39825302098063,53,0
U0710,7,52,2652,0.4807692307692308,55.39040262804293,25,1
U0711,1,45,3123,0.6,46.139127658892676,27,0
U0712,0,47,2300,0.5531914893617021,69.06944128410368,26,0
U0713,1,44,2411,0.5,49.94875566050356,22,0
U0714,0,44,1806,0.4772727272727273,76.01197611442892,21,0
U0715,1,78,5945,0.6666666666666666,59.294257033859964,52,0
U0716,36,21,1147,0.42857142857142855,44.17674484537725,9,1
U0717,40,12,443,0.25,37.73705267939636,3,1
U0718,21,20,978,0.4,40.45950808983959,8,1
U0719,0,80,5624,0.7375,60.0743418839943,59,0
U0720,19,37,2325,0.5135135135135135,45.60671867012961,19,1
U0721,49,13,388,0.15384615384615385,33.70450780168502,2,1
U0722,0,80,6421,0.7625,59.791745849341886,61,0
U0723,0,69,4971,0.7536231884057971,68.7867724260288,52,0
U0724,0,37,1771,0.4594594594594595,57.127617530268886,17,0
U0725,1,38,2131,0.5789473684210527,76.35537439438272,22,0
U0726,52,15,523,0.26666666666666666,33.51755415870331,4,1
U0727,0,76,6364,0.75,49.986239936671936,57,0
U0728,1,46,2410,0.5,63.958827774622954,23,0
U0729,1,71,5115,0.7323943661971831,62.49864137201527,52,0
U0730,1,70,4960,0.7,65.78825348247285,49,0
U0731,0,71,4954,0.704225352112676,64.64711302911542,50,0
U0732,49,6,234,0.3333333333333333,33.568112574557745,2,1
U0733,1,45,1832,0.5555555555555556,75.92599156075214,25,0
U0734,0,45,2645,0.5555555555555556,40.81465215106254,25,0
U0735,0,72,4833,0.6666666666666666,68.01376427145587,48,0
U0736,50,11,814,0.6363636363636364,46.55565026319116,7,1
U0737,0,73,4322,0.6438356164383562,73.15879587658682,47,0
U0738,39,11,486,0.36363636363636365,40.346014249252256,4,1
U0739,3,45,2300,0.4222222222222222,40.02558482644727,19,1
U0740,1,78,5113,0.7307692307692307,69.96698205413354,57,0
U0741,1,49,3083,0.5510204081632653,43.55566845999318,27,0
U0742,1,73,6400,0.7534246575342466,49.4566375583996,55,0
U0743,0,50,2590,0.42,41.84422772545091,21,0
U0744,0,43,2499,0.5116279069767442,53.251419820611225,22,0
U0745,0,73,4762,0.6164383561643836,60.49844986388724,45,0
U0746,76,8,350,0.375,37.45908879475492,3,1
U0747,0,72,4848,0.625,53.98184028411564,45,0
U0748,11,43,2455,0.6046511627906976,79.46054320107447,26,1
U0749,61,6,170,0.16666666666666666,28.25479310370779,1,1
U0750,0,43,1892,0.3953488372093023,45.20527299732739,17,0
U0751,1,65,5340,0.676923076923077,50.27761925758906,44,0
U0752,66,12,353,0.25,26.009160872188136,3,1
U0753,0,46,2427,0.41304347826086957,44.576848668019636,19,0
U0754,1,69,5170,0.7391304347826086,47.17679939777598,51,0
U0755,30,54,4218,0.6851851851851852,60.73782526795528,37,1
U0756,2,48,1692,0.4791666666666667,75.78205739246269,23,0
U0757,0,42,1972,0.42857142857142855,37.82727905539025,18,0
U0758,0,50,3128,0.6,58.414973327999476,30,0
U0759,31,17,238,0.058823529411764705,13.25735930559234,1,1
U0760,0,43,2495,0.4883720930232558,43.18537175698885,21,0
U0761,0,61,4720,0.6557377049180327,62.69198688226139,40,0
U0762,0,76,5190,0.7368421052631579,69.68475907439137,56,0
U0763,0,72,6300,0.8333333333333334,58.13763972898027,60,0
U0764,3,40,2380,0.525,40.940061157684376,21,0
U0765,84,5,53,0.6,146.1689557887161,3,1
U0766,28,31,2133,0.5806451612903226,45.28216081178372,18,1
U0767,41,31,380,0.3225806451612903,81.95389237974285,10,1
U0768,20,22,504,0.22727272727272727,40.9076565405104,5,1
U0769,0,74,4847,0.6891891891891891,73.05301773067625,51,0
U0770,49,12,645,0.5,38.55917248345322,6,1
U0771,1,64,5385,0.703125,56.22294892181587,45,0
U0772,49,11,411,0.2727272727272727,34.94946877944453,3,1
U0773,0,70,5444,0.7,45.61318213387673,49,0
U0774,0,80,6391,0.7875,60.788100795915284,63,0
U0775,32,27,1910,0.7037037037037037,41.16615952971901,19,1
U0776,1,77,6298,0.7532467532467533,49.800904826031136,58,0
U0777,0,72,5646,0.75,58.17099084806113,54,0
U0778,2,51,3088,0.5882352941176471,68.1990343756309,30,0
U0779,1,42,1779,0.4523809523809524,67.25710941980039,19,0
U0780,2,44,2658,0.5227272727272727,43.82309239861126,23,0
U0781,0,49,2782,0.5510204081632653,61.108345575624114,27,0
U0782,1,40,2493,0.5,46.80891501964616,20,0
U0783,0,69,4875,0.6521739130434783,45.08146122986833,45,0
U0784,0,78,5575,0.6923076923076923,64.04435622073972,54,0
U0785,0,70,5503,0.7857142857142857,52.03404699430821,55,0
U0786,48,14,155,0.14285714285714285,45.7628013800268,2,1
U0787,2,40,1871,0.475,49.237842392379356,19,0
U0788,1,45,1549,0.4222222222222222,62.38189318407112,19,0
U0789,3,35,1810,0.5142857142857142,64.34546787002544,18,0
U0790,33,19,625,0.2631578947368421,29.770016993722784,5,1
U0791,1,70,3961,0.5857142857142857,71.75002980170667,41,0
U0792,0,49,2534,0.3877551020408163,42.70493344106961,19,0
U0793,0,58,2625,0.4482758620689655,44.36290443134036,26,0
U0794,0,43,2817,0.5813953488372093,67.50335760457355,25,0
U0795,0,79,5523,0.6582278481012658,51.63173563046121,52,0
U0796,66,12,137,0.25,43.12493478255938,3,1
U0797,43,14,367,0.14285714285714285,29.2870079724583,2,1
U0798,0,36,1985,0.4722222222222222,41.45651935305362,17,0
U0799,1,42,2120,0.6428571428571429,75.78597694157567,27,0
U0800,32,20,700,0.3,31.67381835571406,6,1
U0801,3,43,1778,0.3953488372093023,43.391324057638606,17,1
U0802,0,70,5205,0.7285714285714285,63.206634647560406,51,0
U0803,1,44,2862,0.6363636363636364,55.44056991631271,28,0
U0804,1,39,1781,0.48717948717948717,72.12094497659318,19,0
U0805,1,44,2000,0.5,66.17540223589681,22,0
U0806,0,41,2258,0.4878048780487805,40.137170704310286,20,0
U0807,38,22,871,0.3181818181818182,33.809713442210615,7,1
U0808,43,20,1020,0.35,43.66187094432594,7,1
U0809,0,53,1616,0.37735849056603776,72.60054915035558,20,0
U0810,1,76,5531,0.6578947368421053,51.660426068732995,50,0
U0811,31,15,450,0.26666666666666666,26.397492043883574,4,1
U0812,86,1,7,0.0,4.949747468305833,0,1
U0813,0,67,4823,0.6567164179104478,50.36855653092908,44,0
U0814,35,17,805,0.35294117647058826,41.22276554632146,6,1
U0815,56,10,532,0.4,45.22854245530779,4,1
U0816,2,37,2091,0.4864864864864865,42.08440989797255,18,0
U0817,1,47,2426,0.5106382978723404,70.93476333573041,24,0
U0818,0,77,5055,0.6753246753246753,70.99877567474952,52,0
U0819,0,76,5692,0.6973684210526315,60.274521050414805,53,0
U0820,0,67,5663,0.7611940298507462,57.82646691953262,51,0
U0821,78,3,266,0.6666666666666666,58.79342366852492,2,1
U0822,0,75,4609,0.6666666666666666,74.2700996920074,50,0
U0823,0,74,5875,0.6756756756756757,49.4455873248748,50,0
U0824,0,74,6450,0.7432432432432432,50.15920416123665,55,0
U0825,19,34,2109,0.6470588235294118,55.45466570856869,22,1
U0826,40,17,749,0.29411764705882354,39.55394114686366,5,1
U0827,0,75,5919,0.68,48.192793746861334,51,0
U0828,0,76,5824,0.7368421052631579,54.848746811007146,56,0
U0829,0,45,2673,0.6,57.88871476119759,27,0
U0830,3,51,3281,0.5294117647058824,45.083878555538675,27,0
U0831,0,70,5266,0.7142857142857143,59.992259716876674,50,0
U0832,45,20,1199,0.5,57.49599137670594,10,1
U0833,0,75,5130,0.6666666666666666,52.62470231363055,50,0
U0834,0,67,4290,0.6268656716417911,64.80736860014936,42,0
U0835,0,49,1767,0.40816326530612246,66.42958678179477,20,0
U0836,1,51,3081,0.49019607843137253,45.42959698134039,25,0
U0837,26,22,1022,0.3181818181818182,42.44332124104335,7,1
U0838,0,71,5019,0.704225352112676,59.100952952216765,50,0
U0839,2,43,2212,0.4186046511627907,41.44156798157551,18,0
U0840,0,49,1607,0.40816326530612246,70.12604352305938,20,0
U0841,0,74,6372,0.7567567567567568,49.043612936318205,56,0
U0842,12,45,2155,0.4444444444444444,44.68528943147948,20,1
U0843,0,72,5133,0.7083333333333334,51.92668442675266,51,0
U0844,48,14,195,0.35714285714285715,72.78878276597105,5,1
U0845,0,70,4449,0.7142857142857143,75.2704883475849,50,0
U0846,2,45,2779,0.5333333333333333,44.00378629719706,24,0
U0847,0,72,5951,0.75,47.30363605550301,54,0
U0848,34,14,348,0.42857142857142855,94.26293014753998,6,1
U0849,1,42,2323,0.4523809523809524,41.26099533563396,19,0
U0850,0,39,1501,0.41025641025641024,62.8047442271354,16,0
U0851,0,63,4376,0.6666666666666666,60.85811705268739,42,0
U0852,0,42,914,0.42857142857142855,85.62613075990329,18,0
U0853,0,75,5284,0.6933333333333334,45.59159230804758,52,0
U0854,23,20,503,0.2,25.69534278863859,4,1
U0855,0,72,5808,0.75,55.07012944499152,54,0
U0856,0,73,5581,0.684931506849315,45.93229958851287,50,0
U0857,0,70,5385,0.7142857142857143,58.7296365795495,50,0
U0858,11,36,2129,0.5277777777777778,48.27094067708685,19,1
U0859,0,51,2504,0.5098039215686274,63.02256507281443,26,0
U0860,0,73,5542,0.726027397260274,62.94130936190946,53,0
U0861,0,50,2880,0.48,42.70925904392171,24,0
U0862,0,45,2603,0.5555555555555556,59.23329514473105,25,0
U0863,0,48,2941,0.5416666666666666,48.300393888954765,26,0
U0864,0,45,2244,0.4666666666666667,35.14649917835889,21,0
U0865,15,38,2073,0.5526315789473685,61.368551485389496,21,1
U0866,0,48,2488,0.5416666666666666,65.15862715281732,26,0
U0867,1,72,5076,0.6666666666666666,43.91258003482244,48,0
U0868,1,65,4917,0.7384615384615385,60.023623261041486,48,0
U0869,26,16,826,0.4375,41.325956461034934,7,1
U0870,22,17,330,0.4117647058823529,93.9293494551923,7,1
U0871,1,70,5673,0.8,55.828517840395165,56,0
U0872,0,69,4368,0.6666666666666666,70.1603742542863,46,0
U0873,43,26,1655,0.5384615384615384,45.03450579184294,14,1
U0874,2,41,1987,0.4878048780487805,51.12665988660653,20,0
U0875,0,74,4151,0.6351351351351351,72.2215349690097,47,0
U0876,0,67,4515,0.6567164179104478,67.46706410213868,44,0
U0877,1,49,2151,0.3877551020408163,46.86211170993745,19,0
U0878,0,52,2749,0.4807692307692308,55.06356134092479,25,0
U0879,0,74,4843,0.6216216216216216,54.09009303318708,46,0
U0880,0,80,4427,0.6125,73.82845702318518,49,0
U0881,1,76,5300,0.7105263157894737,67.09555193060055,54,0
U0882,34,29,1729,0.5862068965517241,58.017017193616724,17,1
U0883,0,73,5819,0.6986301369863014,48.09602316716976,51,0
U0884,1,62,5001,0.7580645161290323,45.323538236545154,47,0
U0885,1,42,2662,0.6190476190476191,67.69209206200598,26,0
U0886,0,74,5237,0.6891891891891891,59.25681347971111,51,0
U0887,0,45,2125,0.4222222222222222,37.35517184969305,19,0
U0888,2,72,5271,0.6944444444444444,53.34303701235194,50,0
U0889,44,37,2669,0.6486486486486487,44.96736444617472,24,1
U0890,0,72,5838,0.6944444444444444,48.63376406359071,50,0
U0891,17,31,1336,0.3548387096774194,37.78050387125259,11,1
U0892,34,21,145,0.14285714285714285,64.73904513168672,3,1
U0893,45,16,-24,0.1875,89.8680535310215,3,1
U0894,0,67,3476,0.6119402985074627,63.03232215898421,41,0
U0895,85,3,22,0.0,4.760952285695233,0,1
U0896,0,74,5579,0.6891891891891891,54.541130345170316,51,0
U0897,1,71,5373,0.6619718309859155,47.63642407036833,47,0
U0898,71,8,428,0.375,47.184036848634875,3,1
U0899,0,70,5380,0.7571428571428571,54.85790523680811,53,0
U0900,0,75,6143,0.7066666666666667,49.118858263771415,53,0
U0901,0,80,5594,0.7625,66.64520216579201,61,0
U0902,0,71,5395,0.704225352112676,56.193225723013,50,0
U0903,60,23,1850,0.782608695652174,42.60772649987233,18,1
U0904,0,43,2022,0.5581395348837209,65.82910254516445,24,0
U0905,2,48,3019,0.5416666666666666,54.49699107365905,26,0
U0906,49,11,518,0.36363636363636365,40.47071518862482,4,1
U0907,59,11,451,0.2727272727272727,41.47948431511196,3,1
U0908,0,80,5965,0.725,64.91675551692772,58,0
U0909,1,71,5379,0.647887323943662,46.8968208625306,46,0
U0910,9,66,5211,0.7272727272727273,45.983645600737354,48,1
U0911,4,36,2205,0.4722222222222222,46.5803674717452,17,0
U0912,0,80,6896,0.8,52.03271038789502,64,0
U0913,0,50,3085,0.56,43.05560768976968,28,0
U0914,1,51,2515,0.5294117647058824,63.913285372057324,27,0
U0915,3,40,1307,0.45,83.80841150133976,18,0
U0916,10,35,1917,0.6285714285714286,68.50818512098702,22,1
U0917,0,68,4997,0.6764705882352942,62.92556753509563,46,0
U0918,22,26,209,0.15384615384615385,69.74029160291212,4,1
U0919,0,46,1338,0.5,83.61330230596326,23,0
U0920,0,64,4728,0.734375,62.01605876169115,47,0
U0921,52,9,68,0.0,4.277926319464986,0,1
U0922,0,45,2526,0.5111111111111111,46.82671143205449,23,0
U0923,44,15,644,0.3333333333333333,36.68668210234009,5,1
U0924,2,49,2532,0.4489795918367347,38.62660102511778,22,0
U0925,0,43,2605,0.6046511627906976,43.97339478986237,26,0
U0926,1,80,6708,0.75,55.66113366831685,60,0
U0927,0,75,5638,0.6933333333333334,53.161626187469544,52,0
U0928,1,45,2396,0.5333333333333333,62.84779761810008,24,0
U0929,7,51,2617,0.47058823529411764,66.3340383586344,24,1
U0930,0,70,4445,0.6428571428571429,68.74969767539659,45,0
U0931,0,73,4153,0.6027397260273972,62.89838758857715,44,0
U0932,39,14,312,0.14285714285714285,23.81209509925309,2,1
U0933,47,12,484,0.3333333333333333,34.52619253573282,4,1
U0934,4,45,2375,0.4666666666666667,40.80942126421422,21,1
U0935,0,74,5842,0.7162162162162162,56.72995242609822,53,0
U0936,0,76,6815,0.8157894736842105,50.50638142693932,62,0
U0937,0,78,5758,0.7051282051282052,61.02787226554515,55,0
U0938,23,20,909,0.4,35.587369914562345,8,1
U0939,0,62,4945,0.7096774193548387,54.33890069767935,44,0
U0940,0,40,2181,0.475,41.600189796913675,19,0
U0941,0,67,5042,0.7761194029850746,75.36819810457374,52,0
U0942,0,44,3241,0.6136363636363636,47.20954062716345,27,0
U0943,0,49,3011,0.5714285714285714,54.088930947477785,28,0
U0944,56,12,639,0.4166666666666667,42.41391537445351,5,1
U0945,12,62,4528,0.7419354838709677,77.83652058325792,46,1
U0946,0,66,4986,0.6818181818181818,45.39253577357832,45,0
U0947,0,73,5499,0.6712328767123288,52.63440136334098,49,0
U0948,46,17,214,0.29411764705882354,79.97380873782124,5,1
U0949,57,9,353,0.2222222222222222,42.293288146255804,2,1
U0950,8,37,2217,0.4864864864864865,43.910381706626296,18,1
U0951,0,50,851,0.3,72.27710308726564,15,0
U0952,0,36,1700,0.4444444444444444,35.47526635124402,16,0
U0953,0,73,5588,0.7123287671232876,57.52888911918404,52,0
U0954,74,4,150,0.25,35.78008224856792,1,1
U0955,4,44,3726,0.7272727272727273,49.35698866623182,32,0
U0956,0,66,3305,0.6515151515151515,89.43017694198431,43,0
U0957,0,43,1589,0.3953488372093023,68.23087682855447,17,1
U0958,0,69,4593,0.6086956521739131,53.25599517229268,42,0
U0959,0,80,6021,0.675,53.66799319695884,54,0
U0960,69,7,398,0.5714285714285714,39.916671446159675,4,1
U0961,5,67,5860,0.7910447761194029,47.66126785788559,53,1
U0962,1,44,2731,0.5,44.58375789600481,22,0
U0963,0,77,5398,0.7142857142857143,65.46495536147361,55,0
U0964,0,71,5995,0.7605633802816901,50.650706225778315,54,0
U0965,0,66,4868,0.696969696969697,59.00666883851814,46,0
U0966,0,77,4691,0.7012987012987013,75.00216666259026,54,0
U0967,6,39,2327,0.5384615384615384,72.6489270516274,21,0
U0968,0,74,5043,0.6621621621621622,52.302747180215086,49,0
U0969,0,47,1746,0.425531914893617,59.59119222141424,20,0
U0970,1,48,2964,0.5208333333333334,46.90970250388971,25,0
U0971,0,37,1937,0.5135135135135135,66.53638982670438,19,0
U0972,55,11,430,0.36363636363636365,30.724160297297402,4,1
U0973,33,36,1679,0.5,51.2265785240317,18,1
U0974,0,75,5485,0.68,44.443073711151605,51,0
U0975,0,73,4805,0.6575342465753424,62.8579453996971,48,0
U0976,0,67,3882,0.6119402985074627,59.88521831906025,41,0
U0977,0,37,2021,0.5135135135135135,37.08816806331211,19,0
U0978,1,71,4721,0.676056338028169,71.57852191769747,48,0
U0979,4,46,2338,0.6304347826086957,70.95567911489691,29,0
U0980,22,31,1543,0.3870967741935484,42.41060215370281,12,1
U0981,0,78,5377,0.6153846153846154,46.90575057016688,48,0
U0982,2,46,1388,0.391304347826087,65.0456292336908,18,0
U0983,6,68,4887,0.6470588235294118,54.29089804132093,44,1
U0984,0,80,6224,0.75,52.037818115524104,60,0
U0985,25,23,1611,0.6086956521739131,45.634533283680284,14,1
U0986,1,46,1875,0.41304347826086957,57.02236218906859,19,0
U0987,1,37,2055,0.4864864864864865,51.77080467035661,18,0
U0988,37,26,1277,0.46153846153846156,36.364394060047935,12,1
U0989,1,74,4900,0.5945945945945946,63.45359340679103,44,0
U0990,46,14,718,0.35714285714285715,44.65357543290122,5,1
U0991,0,52,3273,0.5576923076923077,48.26996540748253,29,0
U0992,0,50,3319,0.52,47.205695384854536,26,1
U0993,0,75,5366,0.6666666666666666,63.54701932002131,50,0
U0994,3,37,2066,0.4594594594594595,42.80147121935507,17,1
U0995,0,68,4318,0.6470588235294118,62.01918925028146,44,0
U0996,1,70,6525,0.8571428571428571,53.15732799677612,60,0
U0997,58,10,443,0.3,39.50386390162227,3,1
U0998,0,78,6994,0.7692307692307693,49.67154482791328,60,0
U0999,59,9,359,0.3333333333333333,33.726359427922816,3,1
U1000,0,44,1674,0.5,66.29620288413155,22,0
